{"position": {"y": 0.10074306288991139, "x": -0.681651005481419, "z": 0.12049999999999998}, "orientation": {"y": 0.0, "x": 0.0, "z": 0.9122066591178327, "w": -0.4097304126631097}}
